{"cameraMode":{"drawMode":0,"name":"Shaded","section":"Shading Mode"},"sceneLighting":true,"audioPlay":false,"sceneViewState":{"showFog":true,"showMaterialUpdate":false,"showSkybox":true,"showFlares":true,"showImageEffects":true,"showParticleSystems":true},"in2DMode":false,"pivot":{"x":1.352898359298706,"y":-1.6880792379379273,"z":11.155878067016602},"rotation":{"x":-0.2813732326030731,"y":-0.19208571314811707,"z":0.057594966143369678,"w":-0.9384129643440247},"size":2.4375200271606447,"orthographic":false}