{"cameraMode":{"drawMode":0,"name":"Shaded","section":"Shading Mode"},"sceneLighting":false,"audioPlay":false,"sceneViewState":{"showFog":true,"showMaterialUpdate":false,"showSkybox":false,"showFlares":true,"showImageEffects":true,"showParticleSystems":true},"in2DMode":false,"pivot":{"x":0.6002697944641113,"y":1.3865396976470948,"z":6.877944469451904},"rotation":{"x":0.21029134094715119,"y":-0.3118121027946472,"z":0.070975162088871,"w":0.9238600134849548},"size":0.23373419046401978,"orthographic":false}